{"final_train_loss": 0.0076375133357942104, "final_val_loss": 0.017980195581912994, "final_train_acc": 1.0, "final_val_acc": 1.0, "step_val_acc_99": 4280}