{"x_div_y": {"means": {"final_train_loss_mean": 0.28711304697208107, "final_val_loss_mean": 0.1078428290784359, "final_train_acc_mean": 0.9444335997104645, "final_val_acc_mean": 0.988525390625, "step_val_acc_99_mean": 4105.0}, "stderrs": {"final_train_loss_stderr": 0.13973776681814343, "final_val_loss_stderr": 0.04493131674826145, "final_train_acc_stderr": 0.02778320014476776, "final_val_acc_stderr": 0.0057373046875, "step_val_acc_99_stderr": 87.5}, "final_info_dict": {"final_train_loss": [0.0076375133357942104, 0.5665885806083679], "final_val_loss": [0.017980195581912994, 0.1977054625749588], "final_train_acc": [1.0, 0.888867199420929], "final_val_acc": [1.0, 0.97705078125], "step_val_acc_99": [4280, 3930]}}, "x_minus_y": {"means": {"final_train_loss_mean": 0.005765221081674099, "final_val_loss_mean": 0.064329594373703, "final_train_acc_mean": 1.0, "final_val_acc_mean": 0.991943359375, "step_val_acc_99_mean": 4740.0}, "stderrs": {"final_train_loss_stderr": 0.00034866645000874996, "final_val_loss_stderr": 0.01536109670996666, "final_train_acc_stderr": 0.0, "final_val_acc_stderr": 0.002197265625, "step_val_acc_99_stderr": 130.0}, "final_info_dict": {"final_train_loss": [0.006462553981691599, 0.005067888181656599], "final_val_loss": [0.09505178779363632, 0.033607400953769684], "final_train_acc": [1.0, 1.0], "final_val_acc": [0.987548828125, 0.996337890625], "step_val_acc_99": [5000, 4480]}}, "x_plus_y": {"means": {"final_train_loss_mean": 0.004114325623959303, "final_val_loss_mean": 0.0051105457823723555, "final_train_acc_mean": 1.0, "final_val_acc_mean": 1.0, "step_val_acc_99_mean": 3070.0}, "stderrs": {"final_train_loss_stderr": 0.00021335366182029247, "final_val_loss_stderr": 0.0001922427909448743, "final_train_acc_stderr": 0.0, "final_val_acc_stderr": 0.0, "step_val_acc_99_stderr": 115.0}, "final_info_dict": {"final_train_loss": [0.003687618300318718, 0.004541032947599888], "final_val_loss": [0.004726060200482607, 0.005495031364262104], "final_train_acc": [1.0, 1.0], "final_val_acc": [1.0, 1.0], "step_val_acc_99": [3300, 2840]}}, "permutation": {"means": {"final_train_loss_mean": 0.07004676200449467, "final_val_loss_mean": 8.665221214294434, "final_train_acc_mean": 0.992382824420929, "final_val_acc_mean": 0.0089111328125, "step_val_acc_99_mean": 5000.0}, "stderrs": {"final_train_loss_stderr": 0.026483437977731228, "final_val_loss_stderr": 0.02944803237915039, "final_train_acc_stderr": 0.0038085877895355225, "final_val_acc_stderr": 0.00079345703125, "step_val_acc_99_stderr": 0.0}, "final_info_dict": {"final_train_loss": [0.01707988604903221, 0.12301363795995712], "final_val_loss": [8.724117279052734, 8.606325149536133], "final_train_acc": [1.0, 0.9847656488418579], "final_val_acc": [0.00732421875, 0.010498046875], "step_val_acc_99": [5000, 5000]}}}