{"final_train_loss": 0.005067888181656599, "final_val_loss": 0.033607400953769684, "final_train_acc": 1.0, "final_val_acc": 0.996337890625, "step_val_acc_99": 4480}