{"final_train_loss": 0.003687618300318718, "final_val_loss": 0.004726060200482607, "final_train_acc": 1.0, "final_val_acc": 1.0, "step_val_acc_99": 3300}