{"final_train_loss": 0.12301363795995712, "final_val_loss": 8.606325149536133, "final_train_acc": 0.9847656488418579, "final_val_acc": 0.010498046875, "step_val_acc_99": 5000}