{"final_train_loss": 0.01707988604903221, "final_val_loss": 8.724117279052734, "final_train_acc": 1.0, "final_val_acc": 0.00732421875, "step_val_acc_99": 5000}