{"final_train_loss": 0.5665885806083679, "final_val_loss": 0.1977054625749588, "final_train_acc": 0.888867199420929, "final_val_acc": 0.97705078125, "step_val_acc_99": 3930}