{"final_train_loss": 0.006462553981691599, "final_val_loss": 0.09505178779363632, "final_train_acc": 1.0, "final_val_acc": 0.987548828125, "step_val_acc_99": 5000}