{"final_train_loss": 0.004541032947599888, "final_val_loss": 0.005495031364262104, "final_train_acc": 1.0, "final_val_acc": 1.0, "step_val_acc_99": 2840}