{"final_train_loss": 0.003459956031292677, "final_val_loss": 0.012295839376747608, "final_train_acc": 1.0, "final_val_acc": 1.0, "step_val_acc_99": 4490}