{"final_train_loss": 0.06261513382196426, "final_val_loss": 9.067521095275879, "final_train_acc": 0.9945312738418579, "final_val_acc": 0.003662109375, "step_val_acc_99": 5000}