{"x_div_y": {"means": {"final_train_loss_mean": 0.005154560087248683, "final_val_loss_mean": 0.010244845878332853, "final_train_acc_mean": 1.0, "final_val_acc_mean": 1.0, "step_val_acc_99_mean": 3740.0}, "stderrs": {"final_train_loss_stderr": 5.174311809241772e-06, "final_val_loss_stderr": 0.0006940753664821386, "final_train_acc_stderr": 0.0, "final_val_acc_stderr": 0.0, "step_val_acc_99_stderr": 35.0}, "final_info_dict": {"final_train_loss": [0.0051649087108671665, 0.005144211463630199], "final_val_loss": [0.01163299661129713, 0.008856695145368576], "final_train_acc": [1.0, 1.0], "final_val_acc": [1.0, 1.0], "step_val_acc_99": [3810, 3670]}}, "x_minus_y": {"means": {"final_train_loss_mean": 0.00467914342880249, "final_val_loss_mean": 0.0477581680752337, "final_train_acc_mean": 1.0, "final_val_acc_mean": 0.9976806640625, "step_val_acc_99_mean": 4655.0}, "stderrs": {"final_train_loss_stderr": 0.0006095936987549067, "final_val_loss_stderr": 0.017731164349243045, "final_train_acc_stderr": 0.0, "final_val_acc_stderr": 0.00115966796875, "step_val_acc_99_stderr": 82.5}, "final_info_dict": {"final_train_loss": [0.003459956031292677, 0.0058983308263123035], "final_val_loss": [0.012295839376747608, 0.08322049677371979], "final_train_acc": [1.0, 1.0], "final_val_acc": [1.0, 0.995361328125], "step_val_acc_99": [4490, 4820]}}, "x_plus_y": {"means": {"final_train_loss_mean": 0.003629793180152774, "final_val_loss_mean": 0.004108088440261781, "final_train_acc_mean": 1.0, "final_val_acc_mean": 1.0, "step_val_acc_99_mean": 2365.0}, "stderrs": {"final_train_loss_stderr": 0.0007290815701708198, "final_val_loss_stderr": 0.0008324934751726687, "final_train_acc_stderr": 0.0, "final_val_acc_stderr": 0.0, "step_val_acc_99_stderr": 222.5}, "final_info_dict": {"final_train_loss": [0.005087956320494413, 0.0021716300398111343], "final_val_loss": [0.005773075390607119, 0.002443101489916444], "final_train_acc": [1.0, 1.0], "final_val_acc": [1.0, 1.0], "step_val_acc_99": [1920, 2810]}}, "permutation": {"means": {"final_train_loss_mean": 0.04721402935683727, "final_val_loss_mean": 9.267354011535645, "final_train_acc_mean": 0.9964843988418579, "final_val_acc_mean": 0.0042724609375, "step_val_acc_99_mean": 5000.0}, "stderrs": {"final_train_loss_stderr": 0.007700552232563496, "final_val_loss_stderr": 0.09991645812988281, "final_train_acc_stderr": 0.0009765625, "final_val_acc_stderr": 0.00030517578125, "step_val_acc_99_stderr": 0.0}, "final_info_dict": {"final_train_loss": [0.06261513382196426, 0.03181292489171028], "final_val_loss": [9.067521095275879, 9.46718692779541], "final_train_acc": [0.9945312738418579, 0.9984375238418579], "final_val_acc": [0.003662109375, 0.0048828125], "step_val_acc_99": [5000, 5000]}}}