{"final_train_loss": 0.005144211463630199, "final_val_loss": 0.008856695145368576, "final_train_acc": 1.0, "final_val_acc": 1.0, "step_val_acc_99": 3670}