{"final_train_loss": 0.0058983308263123035, "final_val_loss": 0.08322049677371979, "final_train_acc": 1.0, "final_val_acc": 0.995361328125, "step_val_acc_99": 4820}