{"final_train_loss": 0.0051649087108671665, "final_val_loss": 0.01163299661129713, "final_train_acc": 1.0, "final_val_acc": 1.0, "step_val_acc_99": 3810}