{"final_train_loss": 0.03181292489171028, "final_val_loss": 9.46718692779541, "final_train_acc": 0.9984375238418579, "final_val_acc": 0.0048828125, "step_val_acc_99": 5000}