{"final_train_loss": 0.0021716300398111343, "final_val_loss": 0.002443101489916444, "final_train_acc": 1.0, "final_val_acc": 1.0, "step_val_acc_99": 2810}