{"final_train_loss": 0.005087956320494413, "final_val_loss": 0.005773075390607119, "final_train_acc": 1.0, "final_val_acc": 1.0, "step_val_acc_99": 1920}