{"final_train_loss": 0.16737645864486694, "final_val_loss": 9.115191459655762, "final_train_acc": 0.9720703363418579, "final_val_acc": 0.00732421875, "step_val_acc_99": 5000}