{"final_train_loss": 0.04024238511919975, "final_val_loss": 9.20312786102295, "final_train_acc": 0.9970703125, "final_val_acc": 0.0078125, "step_val_acc_99": 5000}