{"final_train_loss": 0.004182706121355295, "final_val_loss": 0.00721939979121089, "final_train_acc": 1.0, "final_val_acc": 1.0, "step_val_acc_99": 3980}