{"x_div_y": {"means": {"final_train_loss_mean": 0.007353140274062753, "final_val_loss_mean": 0.012901690555736423, "final_train_acc_mean": 1.0, "final_val_acc_mean": 1.0, "step_val_acc_99_mean": 4115.0}, "stderrs": {"final_train_loss_stderr": 0.0015852170763537288, "final_val_loss_stderr": 0.0028411453822627664, "final_train_acc_stderr": 0.0, "final_val_acc_stderr": 0.0, "step_val_acc_99_stderr": 67.5}, "final_info_dict": {"final_train_loss": [0.01052357442677021, 0.004182706121355295], "final_val_loss": [0.018583981320261955, 0.00721939979121089], "final_train_acc": [1.0, 1.0], "final_val_acc": [1.0, 1.0], "step_val_acc_99": [4250, 3980]}}, "x_minus_y": {"means": {"final_train_loss_mean": 0.00536302337422967, "final_val_loss_mean": 0.035209512803703547, "final_train_acc_mean": 1.0, "final_val_acc_mean": 0.99755859375, "step_val_acc_99_mean": 4480.0}, "stderrs": {"final_train_loss_stderr": 0.00014735874719917774, "final_val_loss_stderr": 0.011015814496204257, "final_train_acc_stderr": 0.0, "final_val_acc_stderr": 0.001220703125, "step_val_acc_99_stderr": 175.0}, "final_info_dict": {"final_train_loss": [0.005657740868628025, 0.005068305879831314], "final_val_loss": [0.05724114179611206, 0.013177883811295033], "final_train_acc": [1.0, 1.0], "final_val_acc": [0.9951171875, 1.0], "step_val_acc_99": [4830, 4130]}}, "x_plus_y": {"means": {"final_train_loss_mean": 0.10204686294309795, "final_val_loss_mean": 0.05367113929241896, "final_train_acc_mean": 0.9927734434604645, "final_val_acc_mean": 0.99853515625, "step_val_acc_99_mean": 2640.0}, "stderrs": {"final_train_loss_stderr": 0.0486283894861117, "final_val_loss_stderr": 0.02395263919606805, "final_train_acc_stderr": 0.0036132782697677612, "final_val_acc_stderr": 0.000732421875, "step_val_acc_99_stderr": 200.0}, "final_info_dict": {"final_train_loss": [0.19930364191532135, 0.004790083970874548], "final_val_loss": [0.10157641768455505, 0.00576586090028286], "final_train_acc": [0.985546886920929, 1.0], "final_val_acc": [0.9970703125, 1.0], "step_val_acc_99": [3040, 2240]}}, "permutation": {"means": {"final_train_loss_mean": 0.10380942188203335, "final_val_loss_mean": 9.159159660339355, "final_train_acc_mean": 0.984570324420929, "final_val_acc_mean": 0.007568359375, "step_val_acc_99_mean": 5000.0}, "stderrs": {"final_train_loss_stderr": 0.0317835183814168, "final_val_loss_stderr": 0.021984100341796875, "final_train_acc_stderr": 0.0062499940395355225, "final_val_acc_stderr": 0.0001220703125, "step_val_acc_99_stderr": 0.0}, "final_info_dict": {"final_train_loss": [0.04024238511919975, 0.16737645864486694], "final_val_loss": [9.20312786102295, 9.115191459655762], "final_train_acc": [0.9970703125, 0.9720703363418579], "final_val_acc": [0.0078125, 0.00732421875], "step_val_acc_99": [5000, 5000]}}}