{"final_train_loss": 0.005657740868628025, "final_val_loss": 0.05724114179611206, "final_train_acc": 1.0, "final_val_acc": 0.9951171875, "step_val_acc_99": 4830}