{"final_train_loss": 0.01052357442677021, "final_val_loss": 0.018583981320261955, "final_train_acc": 1.0, "final_val_acc": 1.0, "step_val_acc_99": 4250}