{"final_train_loss": 0.004790083970874548, "final_val_loss": 0.00576586090028286, "final_train_acc": 1.0, "final_val_acc": 1.0, "step_val_acc_99": 2240}