{"final_train_loss": 0.19930364191532135, "final_val_loss": 0.10157641768455505, "final_train_acc": 0.985546886920929, "final_val_acc": 0.9970703125, "step_val_acc_99": 3040}