{"final_train_loss": 0.005068305879831314, "final_val_loss": 0.013177883811295033, "final_train_acc": 1.0, "final_val_acc": 1.0, "step_val_acc_99": 4130}