{"x_div_y": {"means": {"final_train_loss_mean": 0.008058852748945355, "final_val_loss_mean": 0.029363766312599182, "final_train_acc_mean": 1.0, "final_val_acc_mean": 0.9998779296875, "step_val_acc_99_mean": 4475.0}, "stderrs": {"final_train_loss_stderr": 0.0007285013562068343, "final_val_loss_stderr": 0.0010975711047649384, "final_train_acc_stderr": 0.0, "final_val_acc_stderr": 6.103515625e-05, "step_val_acc_99_stderr": 52.5}, "final_info_dict": {"final_train_loss": [0.006601850036531687, 0.009515855461359024], "final_val_loss": [0.03155890852212906, 0.027168624103069305], "final_train_acc": [1.0, 1.0], "final_val_acc": [0.999755859375, 1.0], "step_val_acc_99": [4580, 4370]}}, "x_minus_y": {"means": {"final_train_loss_mean": 0.10251265112310648, "final_val_loss_mean": 0.06659146212041378, "final_train_acc_mean": 0.996289074420929, "final_val_acc_mean": 0.9991455078125, "step_val_acc_99_mean": 4100.0}, "stderrs": {"final_train_loss_stderr": 0.0465366649441421, "final_val_loss_stderr": 0.023287908174097538, "final_train_acc_stderr": 0.0018554627895355225, "final_val_acc_stderr": 0.00042724609375, "step_val_acc_99_stderr": 175.0}, "final_info_dict": {"final_train_loss": [0.009439321234822273, 0.19558598101139069], "final_val_loss": [0.020015645772218704, 0.11316727846860886], "final_train_acc": [1.0, 0.9925781488418579], "final_val_acc": [1.0, 0.998291015625], "step_val_acc_99": [4450, 3750]}}, "x_plus_y": {"means": {"final_train_loss_mean": 0.006120737642049789, "final_val_loss_mean": 0.007314861984923482, "final_train_acc_mean": 1.0, "final_val_acc_mean": 1.0, "step_val_acc_99_mean": 2470.0}, "stderrs": {"final_train_loss_stderr": 0.0002634685952216387, "final_val_loss_stderr": 0.00018061918672174215, "final_train_acc_stderr": 0.0, "final_val_acc_stderr": 0.0, "step_val_acc_99_stderr": 255.0}, "final_info_dict": {"final_train_loss": [0.005593800451606512, 0.006647674832493067], "final_val_loss": [0.006953623611479998, 0.007676100358366966], "final_train_acc": [1.0, 1.0], "final_val_acc": [1.0, 1.0], "step_val_acc_99": [2980, 1960]}}, "permutation": {"means": {"final_train_loss_mean": 0.11236642533913255, "final_val_loss_mean": 8.761648654937744, "final_train_acc_mean": 0.981640636920929, "final_val_acc_mean": 0.0064697265625, "step_val_acc_99_mean": 5000.0}, "stderrs": {"final_train_loss_stderr": 0.05200017127208412, "final_val_loss_stderr": 0.04006552696228027, "final_train_acc_stderr": 0.009179681539535522, "final_val_acc_stderr": 0.00018310546875, "step_val_acc_99_stderr": 0.0}, "final_info_dict": {"final_train_loss": [0.21636676788330078, 0.008366082794964314], "final_val_loss": [8.841779708862305, 8.681517601013184], "final_train_acc": [0.9632812738418579, 1.0], "final_val_acc": [0.0068359375, 0.006103515625], "step_val_acc_99": [5000, 5000]}}}