{"final_train_loss": 0.009515855461359024, "final_val_loss": 0.027168624103069305, "final_train_acc": 1.0, "final_val_acc": 1.0, "step_val_acc_99": 4370}