{"final_train_loss": 0.009439321234822273, "final_val_loss": 0.020015645772218704, "final_train_acc": 1.0, "final_val_acc": 1.0, "step_val_acc_99": 4450}