{"final_train_loss": 0.008366082794964314, "final_val_loss": 8.681517601013184, "final_train_acc": 1.0, "final_val_acc": 0.006103515625, "step_val_acc_99": 5000}