{"final_train_loss": 0.006601850036531687, "final_val_loss": 0.03155890852212906, "final_train_acc": 1.0, "final_val_acc": 0.999755859375, "step_val_acc_99": 4580}