{"final_train_loss": 0.006647674832493067, "final_val_loss": 0.007676100358366966, "final_train_acc": 1.0, "final_val_acc": 1.0, "step_val_acc_99": 1960}