{"final_train_loss": 0.005593800451606512, "final_val_loss": 0.006953623611479998, "final_train_acc": 1.0, "final_val_acc": 1.0, "step_val_acc_99": 2980}