{"final_train_loss": 0.21636676788330078, "final_val_loss": 8.841779708862305, "final_train_acc": 0.9632812738418579, "final_val_acc": 0.0068359375, "step_val_acc_99": 5000}