{"final_train_loss": 0.19558598101139069, "final_val_loss": 0.11316727846860886, "final_train_acc": 0.9925781488418579, "final_val_acc": 0.998291015625, "step_val_acc_99": 3750}