{"final_train_loss": 0.2830921709537506, "final_val_loss": 8.212151527404785, "final_train_acc": 0.947460949420929, "final_val_acc": 0.006103515625, "step_val_acc_99": 5000}