{"final_train_loss": 0.5193821787834167, "final_val_loss": 8.097865104675293, "final_train_acc": 0.873828113079071, "final_val_acc": 0.006591796875, "step_val_acc_99": 5000}