{"final_train_loss": 0.00317193241789937, "final_val_loss": 0.0033158203586935997, "final_train_acc": 1.0, "final_val_acc": 1.0, "step_val_acc_99": 1910}