{"final_train_loss": 0.007559140212833881, "final_val_loss": 0.3039827346801758, "final_train_acc": 1.0, "final_val_acc": 0.93896484375, "step_val_acc_99": 5000}