{"final_train_loss": 0.0066659762524068356, "final_val_loss": 0.007554456125944853, "final_train_acc": 1.0, "final_val_acc": 1.0, "step_val_acc_99": 2520}