{"final_train_loss": 0.005660908296704292, "final_val_loss": 0.009614464826881886, "final_train_acc": 1.0, "final_val_acc": 1.0, "step_val_acc_99": 3900}