{"final_train_loss": 0.004945739172399044, "final_val_loss": 0.014715655706822872, "final_train_acc": 1.0, "final_val_acc": 1.0, "step_val_acc_99": 4070}