{"final_train_loss": 0.004972059279680252, "final_val_loss": 0.10111285001039505, "final_train_acc": 1.0, "final_val_acc": 0.9873046875, "step_val_acc_99": 5000}