{"x_div_y": {"means": {"final_train_loss_mean": 0.005316483788192272, "final_val_loss_mean": 0.05536365741863847, "final_train_acc_mean": 1.0, "final_val_acc_mean": 0.99365234375, "step_val_acc_99_mean": 4450.0}, "stderrs": {"final_train_loss_stderr": 0.00017221225425601006, "final_val_loss_stderr": 0.02287459629587829, "final_train_acc_stderr": 0.0, "final_val_acc_stderr": 0.003173828125, "step_val_acc_99_stderr": 275.0}, "final_info_dict": {"final_train_loss": [0.005660908296704292, 0.004972059279680252], "final_val_loss": [0.009614464826881886, 0.10111285001039505], "final_train_acc": [1.0, 1.0], "final_val_acc": [1.0, 0.9873046875], "step_val_acc_99": [3900, 5000]}}, "x_minus_y": {"means": {"final_train_loss_mean": 0.006252439692616463, "final_val_loss_mean": 0.15934919519349933, "final_train_acc_mean": 1.0, "final_val_acc_mean": 0.969482421875, "step_val_acc_99_mean": 4535.0}, "stderrs": {"final_train_loss_stderr": 0.0006533502601087093, "final_val_loss_stderr": 0.07231676974333823, "final_train_acc_stderr": 0.0, "final_val_acc_stderr": 0.0152587890625, "step_val_acc_99_stderr": 232.5}, "final_info_dict": {"final_train_loss": [0.007559140212833881, 0.004945739172399044], "final_val_loss": [0.3039827346801758, 0.014715655706822872], "final_train_acc": [1.0, 1.0], "final_val_acc": [0.93896484375, 1.0], "step_val_acc_99": [5000, 4070]}}, "x_plus_y": {"means": {"final_train_loss_mean": 0.004918954335153103, "final_val_loss_mean": 0.005435138242319226, "final_train_acc_mean": 1.0, "final_val_acc_mean": 1.0, "step_val_acc_99_mean": 2215.0}, "stderrs": {"final_train_loss_stderr": 0.0008735109586268663, "final_val_loss_stderr": 0.0010596589418128133, "final_train_acc_stderr": 0.0, "final_val_acc_stderr": 0.0, "step_val_acc_99_stderr": 152.5}, "final_info_dict": {"final_train_loss": [0.0066659762524068356, 0.00317193241789937], "final_val_loss": [0.007554456125944853, 0.0033158203586935997], "final_train_acc": [1.0, 1.0], "final_val_acc": [1.0, 1.0], "step_val_acc_99": [2520, 1910]}}, "permutation": {"means": {"final_train_loss_mean": 0.4012371748685837, "final_val_loss_mean": 8.155008316040039, "final_train_acc_mean": 0.91064453125, "final_val_acc_mean": 0.00634765625, "step_val_acc_99_mean": 5000.0}, "stderrs": {"final_train_loss_stderr": 0.059072501957416534, "final_val_loss_stderr": 0.028571605682373047, "final_train_acc_stderr": 0.018408209085464478, "final_val_acc_stderr": 0.0001220703125, "step_val_acc_99_stderr": 0.0}, "final_info_dict": {"final_train_loss": [0.2830921709537506, 0.5193821787834167], "final_val_loss": [8.212151527404785, 8.097865104675293], "final_train_acc": [0.947460949420929, 0.873828113079071], "final_val_acc": [0.006103515625, 0.006591796875], "step_val_acc_99": [5000, 5000]}}}