{"final_train_loss": 0.0030233419965952635, "final_val_loss": 0.012348468415439129, "final_train_acc": 1.0, "final_val_acc": 1.0, "step_val_acc_99": 4420}