{"final_train_loss": 0.0067754401825368404, "final_val_loss": 0.01773257553577423, "final_train_acc": 1.0, "final_val_acc": 1.0, "step_val_acc_99": 4140}