{"x_div_y": {"means": {"final_train_loss_mean": 0.018480150727555156, "final_val_loss_mean": 0.02484893426299095, "final_train_acc_mean": 1.0, "final_val_acc_mean": 0.9998779296875, "step_val_acc_99_mean": 4080.0}, "stderrs": {"final_train_loss_stderr": 0.005852355272509158, "final_val_loss_stderr": 0.0035581793636083603, "final_train_acc_stderr": 0.0, "final_val_acc_stderr": 6.103515625e-05, "step_val_acc_99_stderr": 30.0}, "final_info_dict": {"final_train_loss": [0.03018486127257347, 0.0067754401825368404], "final_val_loss": [0.03196529299020767, 0.01773257553577423], "final_train_acc": [1.0, 1.0], "final_val_acc": [0.999755859375, 1.0], "step_val_acc_99": [4020, 4140]}}, "x_minus_y": {"means": {"final_train_loss_mean": 0.0059833748964592814, "final_val_loss_mean": 0.023401675280183554, "final_train_acc_mean": 1.0, "final_val_acc_mean": 1.0, "step_val_acc_99_mean": 4515.0}, "stderrs": {"final_train_loss_stderr": 0.001480016449932009, "final_val_loss_stderr": 0.005526603432372212, "final_train_acc_stderr": 0.0, "final_val_acc_stderr": 0.0, "step_val_acc_99_stderr": 47.5}, "final_info_dict": {"final_train_loss": [0.0030233419965952635, 0.0089434077963233], "final_val_loss": [0.012348468415439129, 0.03445488214492798], "final_train_acc": [1.0, 1.0], "final_val_acc": [1.0, 1.0], "step_val_acc_99": [4420, 4610]}}, "x_plus_y": {"means": {"final_train_loss_mean": 0.0031202899990603328, "final_val_loss_mean": 0.0034879110753536224, "final_train_acc_mean": 1.0, "final_val_acc_mean": 1.0, "step_val_acc_99_mean": 2410.0}, "stderrs": {"final_train_loss_stderr": 0.00037661922397091985, "final_val_loss_stderr": 0.0005102457944303751, "final_train_acc_stderr": 0.0, "final_val_acc_stderr": 0.0, "step_val_acc_99_stderr": 235.0}, "final_info_dict": {"final_train_loss": [0.0038735284470021725, 0.002367051551118493], "final_val_loss": [0.004508402664214373, 0.0024674194864928722], "final_train_acc": [1.0, 1.0], "final_val_acc": [1.0, 1.0], "step_val_acc_99": [2880, 1940]}}, "permutation": {"means": {"final_train_loss_mean": 0.15331691037863493, "final_val_loss_mean": 7.519349098205566, "final_train_acc_mean": 0.969531238079071, "final_val_acc_mean": 0.013427734375, "step_val_acc_99_mean": 5000.0}, "stderrs": {"final_train_loss_stderr": 0.06508517498150468, "final_val_loss_stderr": 0.054377079010009766, "final_train_acc_stderr": 0.0146484375, "final_val_acc_stderr": 0.00048828125, "step_val_acc_99_stderr": 0.0}, "final_info_dict": {"final_train_loss": [0.023146560415625572, 0.2834872603416443], "final_val_loss": [7.410594940185547, 7.628103256225586], "final_train_acc": [0.998828113079071, 0.940234363079071], "final_val_acc": [0.012451171875, 0.014404296875], "step_val_acc_99": [5000, 5000]}}}