{"final_train_loss": 0.2834872603416443, "final_val_loss": 7.628103256225586, "final_train_acc": 0.940234363079071, "final_val_acc": 0.014404296875, "step_val_acc_99": 5000}