{"final_train_loss": 0.03018486127257347, "final_val_loss": 0.03196529299020767, "final_train_acc": 1.0, "final_val_acc": 0.999755859375, "step_val_acc_99": 4020}