{"final_train_loss": 0.023146560415625572, "final_val_loss": 7.410594940185547, "final_train_acc": 0.998828113079071, "final_val_acc": 0.012451171875, "step_val_acc_99": 5000}