{"final_train_loss": 0.002367051551118493, "final_val_loss": 0.0024674194864928722, "final_train_acc": 1.0, "final_val_acc": 1.0, "step_val_acc_99": 1940}