{"final_train_loss": 0.0089434077963233, "final_val_loss": 0.03445488214492798, "final_train_acc": 1.0, "final_val_acc": 1.0, "step_val_acc_99": 4610}